,Unnamed: 0.1,Unnamed: 0,Demojized,Captions,Latitude,Longitude,Retweet Count,Created (UTC),Full Text,Sentiment Score,Sentiment
0,0,0,Rain is Inane @ Dhubri (Assam)  ,,24.77727038,92.7925981,0,2021-09-21 08:14:43,Rain is Inane @ Dhubri (Assam),0.0,Neutral
1,1,1,Kumol chawl Jal paan (soft rice Breakfast) @ Dhubri (Assam)  ,,24.77727038,92.7925981,0,2021-09-21 05:34:14,Kumol Chawl Jal Paan (Soft Rice Breakfast) @ dhhubri (assam),0.1,Positive
2,2,2,Order now!!! @ My Silchar  , Order now   ,24.81306648,92.79751091,0,2021-09-23 10:53:38,Order now!!! @ My Silchar    Order now,0.0,Neutral
3,3,3,Just posted a photo @ Silchar  , We provide cars for hire in Silchar city for tourists and businesses alike. Also those looking to travel from Silchar to Mizoram can contact us as we do provide cars for rent from Silchar to Mizoram currently. You can call us to book a cab for you or hire a car at your convenience online in Silchar. We will pick you up from your designated pickup point. Drivelooprental.com,24.82,92.8,0,2021-09-22 14:45:58,Just posted a photo @ Silchar    We provide cars for hire in Silchar city for tourists and businesses alike. Also those looking to travel from Silchar to Mizoram can contact us as we do provide cars for rent from Silchar to Mizoram currently. You can call us to book a cab for you or hire a car at your convenience online in Silchar. We will pick you up from your designated pickup point. Drivelooprental.com,0.0,Neutral
4,4,4,"collision collision collision  *DHAMAKA OFFER OFFER OFFER* collision collision collision 

*FLAT 10% DISCOUNT*
partying face partying face partying face 

*With FREE HOME DELIVERY*
star struck star struck star struck 

*Call and order now*…  collision collision collision  *DHAMAKA OFFER OFFER OFFER* collision collision collision 

*FLAT 10% DISCOUNT*
partying face partying face partying face 

*With FREE HOME DELIVERY*
star struck star struck star struck 

*Call and order now* 
telephone receiver telephone receiver telephone receiver 
*+91 9954263863* 

*Hurry Order now* @ My Silchar  ",      DHAMAKA OFFER OFFER OFFER        FLAT 10  DISCOUNT        With FREE HOME DELIVERY        Call and order now         91 9954263863     Hurry Order now ,24.81306648,92.79751091,0,2021-09-23 03:14:09,"collision collision collision  *DHAMAKA OFFER OFFER OFFER* collision collision collision 

*FLAT 10% DISCOUNT*
partying face partying face partying face 

*With FREE HOME DELIVERY*
star struck star struck star struck 

*Call and order now*…  collision collision collision  *DHAMAKA OFFER OFFER OFFER* collision collision collision 

*FLAT 10% DISCOUNT*
partying face partying face partying face 

*With FREE HOME DELIVERY*
star struck star struck star struck 

*Call and order now* 
telephone receiver telephone receiver telephone receiver 
*+91 9954263863* 

*Hurry Order now* @ My Silchar         DHAMAKA OFFER OFFER OFFER        FLAT 10  DISCOUNT        With FREE HOME DELIVERY        Call and order now         91 9954263863     Hurry Order now",0.1875,Positive
5,5,5,"#2BHK Builder Floor in #Rangirkhari, #Silchar #Apartment #Flat #ForSale #Residential #Property
 ",,24.81872,92.79139,0,2021-10-09 12:42:33,"#2BHK Builder Floor in #Rangirkhari, #Silchar #Apartment #Flat #ForSale #Residential #Property",-0.025,Negative
6,6,6,Contact for any types of Delivery delivery truck delivery truck delivery truck  @ My Silchar  , Contact for any types of Delivery    ,24.81306648,92.79751091,0,2021-09-29 16:47:32,Contact for any types of Delivery delivery truck delivery truck delivery truck  @ My Silchar    Contact for any types of Delivery,0.0,Neutral
7,7,7,Happy Customer @ My Silchar  ,,24.81306648,92.79751091,0,2021-09-29 16:47:22,Happy Customer @ My Silchar,0.8,Very Positive
8,8,8,Just posted a video @ Silchar  ,,24.82,92.8,0,2021-10-12 00:29:42,Just posted a video @ Silchar,0.0,Neutral
9,9,9,Just posted a photo @ Silchar  ,,24.82,92.8,0,2021-10-12 05:19:43,Just posted a photo @ Silchar,0.0,Neutral
10,10,10,Just posted a video @ Silchar  ,,24.82,92.8,0,2021-10-12 11:58:53,Just posted a video @ Silchar,0.0,Neutral
11,11,11,wilted flower wilted flower wilted flower wilted flower wilted flower maple leaf maple leaf maple leaf maple leaf maple leaf #Don't you #dare to #show #your #attitude because you will not be able to #handle #mine smiling face with sunglasses smiling face with sunglasses smiling face with sunglasses maple leaf maple leaf maple leaf maple leaf maple leaf wilted flower wilted flower wilted flower wilted flower blossom blossom blossom blossom blossom …  wilted flower wilted flower wilted flower wilted flower wilted flower maple leaf maple leaf maple leaf maple leaf maple leaf #Don't you #dare to #show #your #attitude because you will not be able to #handle #mine smiling face with sunglasses smiling face with sunglasses smiling face with sunglasses maple leaf maple leaf maple leaf maple leaf maple leaf wilted flower wilted flower wilted flower wilted flower blossom blossom blossom blossom blossom blossom blossom blossom  @ Silchar. the City of Love  ,,24.83088802,92.78334347,0,2021-10-08 04:47:44,wilted flower wilted flower wilted flower wilted flower wilted flower maple leaf maple leaf maple leaf maple leaf maple leaf #Don't you #dare to #show #your #attitude because you will not be able to #handle #mine smiling face with sunglasses smiling face with sunglasses smiling face with sunglasses maple leaf maple leaf maple leaf maple leaf maple leaf wilted flower wilted flower wilted flower wilted flower blossom blossom blossom blossom blossom …  wilted flower wilted flower wilted flower wilted flower wilted flower maple leaf maple leaf maple leaf maple leaf maple leaf #Don't you #dare to #show #your #attitude because you will not be able to #handle #mine smiling face with sunglasses smiling face with sunglasses smiling face with sunglasses maple leaf maple leaf maple leaf maple leaf maple leaf wilted flower wilted flower wilted flower wilted flower blossom blossom blossom blossom blossom blossom blossom blossom  @ Silchar. the City of Love,0.5,Positive
12,12,12,"3rd Mr and Ms Barak Valley Stage officially set Along With Dhiraj Mohandas Sir and Rahul Roy.
.
.
.
.
.
. @ Barak V…  3rd Mr and Ms Barak Valley Stage officially set Along With Dhiraj Mohandas Sir and Rahul Roy.
.
.
.
.
.
. @ Barak Valley  ", 3rd Mr and Ms Barak Valley Stage officially set Along With Dhiraj Mohandas Sir and Rahul Roy. . . . . . .,24.82820225,92.79980712,0,2021-10-23 15:35:54,"3rd Mr and Ms Barak Valley Stage officially set Along With Dhiraj Mohandas Sir and Rahul Roy.
.
.
.
.
.
. @ Barak V…  3rd Mr and Ms Barak Valley Stage officially set Along With Dhiraj Mohandas Sir and Rahul Roy.
.
.
.
.
.
. @ Barak Valley    3rd Mr and Ms Barak Valley Stage officially set Along With Dhiraj Mohandas Sir and Rahul Roy. . . . . . .",0.0,Neutral
13,13,13,"When a fan comes up to you and says I love you sir , there is nothing better than that.I enjoy thelove I receive fr…  When a fan comes up to you and says I love you sir , there is nothing better than that.I enjoy thelove I receive from my fans and my audience. 
.
.
.
.
.
. @ Barak Valley  ", When a fan comes up to you and says I love you sir   there is nothing better than that.I enjoy thelove I receive from my fans and my audience.  . . . . . .,24.82820225,92.79980712,0,2021-10-23 18:41:45,"When a fan comes up to you and says I love you sir , there is nothing better than that.I enjoy thelove I receive fr…  When a fan comes up to you and says I love you sir , there is nothing better than that.I enjoy thelove I receive from my fans and my audience. 
.
.
.
.
.
. @ Barak Valley    When a fan comes up to you and says I love you sir   there is nothing better than that.I enjoy thelove I receive from my fans and my audience.  . . . . . .",0.4666666666666667,Positive
14,14,14,Chicken Cutlet @ My Silchar  , Chicken Cutlet,24.81306648,92.79751091,0,2021-10-23 07:07:14,Chicken Cutlet @ My Silchar    Chicken Cutlet,-0.6,Very Negative
15,15,15,"HAPPY KARWA CHAUTH
Book now for Karwa Chauth Special Cake @ My Silchar  ", HAPPY KARWA CHAUTH Book now for Karwa Chauth Special Cake,24.81306648,92.79751091,0,2021-10-24 04:39:39,"Happy karwa chauth
Book Now for Karwa Chauth Special Cake @ My Silchar Happy Karwa Chauth Book Now For Karwa Chauth Special Cake",0.5785714285714286,Very Positive
16,16,16,Attitudes are more important than facts. @ My Silchar  , Attitudes are more important than facts.,24.81306648,92.79751091,0,2021-10-25 01:38:26,Attitudes are more important than facts. @ My Silchar    Attitudes are more important than facts.,0.44999999999999996,Positive
17,17,17,It's 5 o'clock in Silchar. ,,24.82733,92.79787,0,2021-10-27 11:30:02,It's 5 o'clock in Silchar.,0.0,Neutral
18,18,18, @ Silchar  , https   m.facebook.com story.php story fbid 4762169197207413 id 100002431397021,24.82,92.8,0,2021-10-28 10:37:52,@ Silchar    https   m.facebook.com story.php story fbid 4762169197207413 id 100002431397021,0.0,Neutral
19,19,19,DM to order now @ My Silchar  , DM to order now,24.81306648,92.79751091,0,2021-10-18 14:54:19,DM to order now @ My Silchar    DM to order now,0.0,Neutral
20,20,20,"The majestic sky with nightsight!

19:57hrs

Shot on Pixel 4a

#GooglePixel @ NH 54  ", The majestic sky with nightsight   19 57hrs  Shot on Pixel 4a   GooglePixel,24.8421135,92.8111539,0,2021-10-17 16:43:40,"The majestic sky with nightsight!

19:57hrs

Shot on Pixel 4a

#GooglePixel @ NH 54    The majestic sky with nightsight   19 57hrs  Shot on Pixel 4a   GooglePixel",0.0,Neutral
21,21,21,#imkishore1912 #kishorekumardas @ Silchar  ,,24.82,92.8,0,2021-10-17 02:13:21,# imkishore1912 #kishorekumardas @ silchar,0.0,Neutral
22,22,22,black heart black heart black heart  @ Silchar. the City of Love  ,,24.83088802,92.78334347,0,2021-10-17 03:30:28,black heart black heart black heart  @ Silchar. the City of Love,0.0,Neutral
23,23,23,Girl Cake @ My Silchar  , Girl Cake,24.81306648,92.79751091,0,2021-10-18 21:33:16,Girl Cake @ My Silchar    Girl Cake,0.0,Neutral
24,24,24,"ABish Biofloc 1year Complete Celebration Cake
#the cakes 29
#mrjinidelivery @ My Silchar  ", ABish Biofloc 1year Complete Celebration Cake  the cakes 29  mrjinidelivery,24.81306648,92.79751091,0,2021-10-18 21:36:42,"ABish Biofloc 1year Complete Celebration Cake
#the cakes 29
#mrjinidelivery @ My Silchar    ABish Biofloc 1year Complete Celebration Cake  the cakes 29  mrjinidelivery",0.1,Positive
25,25,25,Call +91 9954263863 @ My Silchar  , Call  91 9954263863,24.81306648,92.79751091,0,2021-10-19 10:27:46,Call +91 9954263863 @ My Silchar    Call  91 9954263863,0.0,Neutral
26,26,26,"DM to Order Now!!!
+91 9954263863 @ My Silchar  ", DM to Order Now     91 9954263863,24.81306648,92.79751091,0,2021-10-19 14:36:56,"DM to Order Now!!!
+91 9954263863 @ My Silchar    DM to Order Now     91 9954263863",0.0,Neutral
27,27,27,"DM to Order Now
Call or Whatsapp
+91 9954263863 @ My Silchar  ", DM to Order Now Call or Whatsapp  91 9954263863,24.81306648,92.79751091,0,2021-10-19 12:22:32,"DM to Order Now
Call or Whatsapp
+91 9954263863 @ My Silchar    DM to Order Now Call or Whatsapp  91 9954263863",0.0,Neutral
28,28,28,Just posted a photo @ My Silchar  , CONGRATULATIONS      MISS ADITI NATH PURKAYASTHA          As we declared that we will Celebrate our one Month Anniversary on October      On the occasion of your Birthday we MR. JINI   THE CAKES Gifting you a Birthday Cake    Thank you for Contacting with us      Wish you a Adv. HAPPY BIRTHDAY      From Our Team MR. JINI   THE CAKES          Thank You    ,24.81306648,92.79751091,0,2021-10-20 12:04:11,Just posted a photo @ My Silchar    CONGRATULATIONS      MISS ADITI NATH PURKAYASTHA          As we declared that we will Celebrate our one Month Anniversary on October      On the occasion of your Birthday we MR. JINI   THE CAKES Gifting you a Birthday Cake    Thank you for Contacting with us      Wish you a Adv. HAPPY BIRTHDAY      From Our Team MR. JINI   THE CAKES          Thank You,0.8,Very Positive
29,29,29,"Aajke Sam Momo k Nam
Pre Book Now!!!
+91 9954263863
Original Recipe Photo @ My Silchar  ", Aajke Sam Momo k Nam Pre Book Now     91 9954263863 Original Recipe Photo,24.81306648,92.79751091,0,2021-10-21 02:45:24,"AAJKE SAM MOMO K NAM
PRE Book NOW !!!
+91 9954263863
Original Recipe Photo @ My Silchar Aajke Sam Momo K Nam Pre Book Now 91 995463863 Original Recipe Photo",0.375,Positive
30,30,30,"Hello Fit Ladies and Gentlemen in Barak Valley! I'm coming to your City to Witness a Grand Event, Mark your Calenda…  Hello Fit Ladies and Gentlemen in Barak Valley! I'm coming to your City to Witness a Grand Event, Mark your Calendars on 23rd of October 2021 and Be there to cheer up the upcoming Talents! @ Barak Valley  ",,24.82820225,92.79980712,0,2021-10-21 08:58:52,"Hello Fit Ladies and Gentlemen in Barak Valley! I'm coming to your City to Witness a Grand Event, Mark your Calenda…  Hello Fit Ladies and Gentlemen in Barak Valley! I'm coming to your City to Witness a Grand Event, Mark your Calendars on 23rd of October 2021 and Be there to cheer up the upcoming Talents! @ Barak Valley",0.53125,Very Positive
31,31,31,"October Winner Cake
Miss Aditi @ My Silchar  ", October Winner Cake Miss Aditi,24.81306648,92.79751091,0,2021-10-21 16:37:52,"October Winner Cake
Miss Aditi @ My Silchar    October Winner Cake Miss Aditi",0.0,Neutral
32,32,32,"Available in Silchar
FREE HOME DELIVERY @ My Silchar  ", Available in Silchar FREE HOME DELIVERY,24.81306648,92.79751091,0,2021-10-22 04:04:30,"Available in Silchar
FREE HOME DELIVERY @ My Silchar    Available in Silchar FREE HOME DELIVERY",0.4,Positive
33,33,33,Just posted a photo @ Barak Valley  , The open road is perfect to clear your mind. It doesn t matter what is going on in your life.    Finally we are at Barak valley . . . . .  bodybuilding  fitness  gym  workout  fitnessmotivation  motivation  fit  training  gymlife  muscle  fitfam  gymmotivation  lifestyle  fitnessmodel  health  bodybuilder  personaltrainer  crossfit  instagood  powerlifting  healthy  fitspo  instafit  healthylifestyle  strong  love  exercise  sport  gains  bhfyp,24.82820225,92.79980712,0,2021-10-22 16:31:12,Just posted a photo @ Barak Valley    The open road is perfect to clear your mind. It doesn t matter what is going on in your life.    Finally we are at Barak valley . . . . .  bodybuilding  fitness  gym  workout  fitnessmotivation  motivation  fit  training  gymlife  muscle  fitfam  gymmotivation  lifestyle  fitnessmodel  health  bodybuilder  personaltrainer  crossfit  instagood  powerlifting  healthy  fitspo  instafit  healthylifestyle  strong  love  exercise  sport  gains  bhfyp,0.36666666666666664,Positive
34,34,34,"silchar red light contact number
#silchar assam number
#silchar premtala
#silchar 14 no gali distance…  silchar red light contact number
#silchar assam number
#silchar premtala
#silchar 14 no gali distance
#guwahati 14 number
#contai 14 no gali video
#silchar red light area details
#satta number @ Silchar  ",,24.82,92.8,0,2021-10-30 15:55:50,"silchar red light contact number
#silchar assam number
#silchar premtala
#silchar 14 no gali distance…  silchar red light contact number
#silchar assam number
#silchar premtala
#silchar 14 no gali distance
#guwahati 14 number
#contai 14 no gali video
#silchar red light area details
#satta number @ Silchar",0.20000000000000004,Positive
35,35,35,"लौहपुरुष सरदार पटेल जी के चरणों में नमन ।

#राष्ट्रीयएकतादिवस #लौहपुरुष सरदार वल्लभभाई पटेल 
प्रमाण पत्र राष्ट्रीय…  लौहपुरुष सरदार पटेल जी के चरणों में नमन ।

#राष्ट्रीयएकतादिवस #लौहपुरुष सरदार वल्लभभाई पटेल 
प्रमाण पत्र राष्ट्रीय एकता दिवस शपथ India  @ Silchar  ",                                                                                                                                    ,24.82,92.8,0,2021-10-31 18:35:54,"Naman in the feet of Lohpurush Sardar Patel

# National Academy # Lohpurush Sardar Vallabhbhai Patel
Certificate national ... Naman in the feet of Lohpurush Sardar Patel.

# National Academy #Loujarus Sardar Vallabhbhai Patel
Certificate National Unity Day oath @ silchar",0.0,Neutral
36,36,36,Just posted a photo @ Silchar  ,,24.82,92.8,0,2021-10-31 09:10:23,Just posted a photo @ Silchar,0.0,Neutral
37,37,37,"#186 * PHOTO.! billed cap  @ Assam, India  ",,24.8091448,92.795542,0,2021-10-31 10:52:20,"#186 * PHOTO.! billed cap  @ Assam, India",0.0,Neutral
38,38,38,"Just posted a photo @ Green Heals Hospital, Silchar  ", Trivial trauma.  85 year old elderly maile sustained an Intertrochanteric fracture following a trivial slip and fall. Diabetic  hypertensive  post CABG status and the added osteoporosis. Fortunately the fracture wasn t that bad. Did a CRIF with DHS as quickly as possible.  Mobilized at day 15  weight bearing now comfortably.   trivial  trauma  elderly  fracture  osteoporosis  bonehealth  thatorthidoc  comorbit  orif  orthopod,24.78732329,92.79609833,0,2021-11-02 16:55:41,"Just posted a photo @ Green Heals Hospital, Silchar    Trivial trauma.  85 year old elderly maile sustained an Intertrochanteric fracture following a trivial slip and fall. Diabetic  hypertensive  post CABG status and the added osteoporosis. Fortunately the fracture wasn t that bad. Did a CRIF with DHS as quickly as possible.  Mobilized at day 15  weight bearing now comfortably.   trivial  trauma  elderly  fracture  osteoporosis  bonehealth  thatorthidoc  comorbit  orif  orthopod",3.172065784643304e-17,Positive
39,39,39,Happy Diwali... @ Silchar  , Happy Diwali...,24.82,92.8,0,2021-11-05 05:55:26,Happy Diwali... @ Silchar    Happy Diwali...,0.8,Very Positive
40,40,40,Gift Hamper wrapped gift  @ My Silchar  , Gift Hamper  ,24.81306648,92.79751091,0,2021-11-05 13:00:20,Gift Hamper wrapped gift  @ My Silchar    Gift Hamper,0.0,Neutral
41,41,41,"Generally ami maa er logey kno photo shoto utsi nh
But ajk relieved face two hearts Life er 1st time......... 

Today I I asked to myself…  Generally ami maa er logey kno photo shoto utsi nh
But ajk relieved face two hearts Life er 1st time......... 

Today I I asked to myself y not maatwo hearts 
Nd yes I love my maabeating heart  more than anything in the world, anything @ My Silchar  ", Generally ami maa er logey kno photo shoto utsi nh But ajk   Life er 1st time.........   Today I I asked to myself y not maa  Nd yes I love my maa  more than anything in the world  anything,24.81306648,92.79751091,0,2021-11-05 21:09:29,"Generally ami maa er logey kno photo shoto utsi nh
But ajk relieved face two hearts Life er 1st time......... 

Today I I asked to myself…  Generally ami maa er logey kno photo shoto utsi nh
But ajk relieved face two hearts Life er 1st time......... 

Today I I asked to myself y not maatwo hearts 
Nd yes I love my maabeating heart  more than anything in the world, anything @ My Silchar    Generally ami maa er logey kno photo shoto utsi nh But ajk   Life er 1st time.........   Today I I asked to myself y not maa  Nd yes I love my maa  more than anything in the world  anything",0.3071428571428572,Positive
42,42,42,Just posted a photo @ Silchar  , Choose the right Instagram filters. ... . . . . . . . .   followme  like4like  TFLers  liker  likes  l4l  likes4likes  photooftheday  love  likeforlike  likesforlikes  liketeam  likeback  likebackteam  instagood  likeall  likealways  liking  liked,24.82,92.8,0,2021-11-07 05:30:06,Just posted a photo @ Silchar    Choose the right Instagram filters. ... . . . . . . . .   followme  like4like  TFLers  liker  likes  l4l  likes4likes  photooftheday  love  likeforlike  likesforlikes  liketeam  likeback  likebackteam  instagood  likeall  likealways  liking  liked,0.4619047619047619,Positive
43,43,43,"Just posted a photo @ Barak Valley Express ""the Multi Cuisine Restaurant""  ", ,24.76150064,92.79641013,0,2021-11-07 15:21:00,"Just posted a photo @ Barak Valley Express ""the Multi Cuisine Restaurant""",0.0,Neutral
44,44,44,"क़भी चुपके से मुस्कुरा कर देखना,
दिल पर लगे पहरे हटा कर देख़ना,
ये ज़िन्दग़ी तेरी खिलखिला उठेगी,
ख़ुद पर कुछ लम्हें…  क़भी चुपके से मुस्कुरा कर देखना,
दिल पर लगे पहरे हटा कर देख़ना,
ये ज़िन्दग़ी तेरी खिलखिला उठेगी,
ख़ुद पर कुछ लम्हें लुटा कर देखना। @ My Silchar  ",                                                                                                                                   ,24.81306648,92.79751091,0,2021-11-06 15:47:13,"Never smiled smile,
Remove the guard on the heart,
This life will raise your blurry,
Some moments on ourselves ...
Remove the guard on the heart,
This life will raise your blurry,Seeing some moments on yourself. @ My silchar",0.0,Neutral
45,45,45,"Something I truly love being out with the camera taking photos and watching this beautiful world go by it's day.

1…  Something I truly love being out with the camera taking photos and watching this beautiful world go by it's day.

14.11.2021 | 15:59hrs

#Canon @ District Sports Association Ground  ", Something I truly love being out with the camera taking photos and watching this beautiful world go by it s day.  14.11.2021   15 59hrs   Canon,24.83602615,92.80257955,0,2021-11-14 17:58:29,"Something I truly love being out with the camera taking photos and watching this beautiful world go by it's day.

1…  Something I truly love being out with the camera taking photos and watching this beautiful world go by it's day.

14.11.2021 | 15:59hrs

#Canon @ District Sports Association Ground    Something I truly love being out with the camera taking photos and watching this beautiful world go by it s day.  14.11.2021   15 59hrs   Canon",0.6749999999999999,Very Positive
46,46,46,"4BHK House/Villa in #Ambicapatty #4Bedroom #IndependentHouse #ForSale #Silchar #Residential #Property
 ",,24.81872,92.79139,0,2021-11-17 12:40:30,4BHK House/Villa in #Ambicapatty #4Bedroom #IndependentHouse #ForSale #Silchar #Residential #Property,0.0,Neutral
47,47,47,"#Apartment in Anupama, #Silchar #2BHK #Flat #ForRent #Ambicapatty #Residential #Property
 ",,24.81872,92.79139,0,2021-11-22 07:34:12,"#Apartment in Anupama, #Silchar #2BHK #Flat #ForRent #Ambicapatty #Residential #Property",-0.025,Negative
48,48,48,Just posted a photo @ My Silchar  , Today  unilink meeting discussion going at my  room   Special guest MR. Rabul Hussain Laskar   specialist    Mr Alom   member    aszadhb19   Taslima khala  Ayesha siso   kamaluddin .....also thankful to  instagram  twitter  facebook   ......................  Link website   https   www.unilinkbiz.com ,24.81306648,92.79751091,0,2021-11-22 13:03:08,Just posted a photo @ My Silchar    Today  unilink meeting discussion going at my  room   Special guest MR. Rabul Hussain Laskar   specialist    Mr Alom   member    aszadhb19   Taslima khala  Ayesha siso   kamaluddin .....also thankful to  instagram  twitter  facebook   ......................  Link website   https   www.unilinkbiz.com,0.35714285714285715,Positive
49,49,49,Just posted a video @ Silchar  ,,24.82,92.8,0,2021-10-14 01:11:02,Just posted a video @ Silchar,0.0,Neutral
50,50,50,Just posted a photo @ My Silchar  ,,24.81306648,92.79751091,0,2021-10-14 16:32:35,Just posted a photo @ My Silchar,0.0,Neutral
51,51,51,"red heart red heart Subho smiling face with hearts smiling face with hearts  Bijoya face blowing a kiss face blowing a kiss  Dashamiwilted flower wilted flower ......
pleading face pleading face  @ My Silchar  ",     Subho    Bijoya    Dashami  ......   ,24.81306648,92.79751091,0,2021-10-15 04:59:49,"red heart red heart Subho smiling face with hearts smiling face with hearts  Bijoya face blowing a kiss face blowing a kiss  Dashamiwilted flower wilted flower ......
pleading face pleading face  @ My Silchar        Subho    Bijoya    Dashami  ......",0.0,Neutral
52,52,52,Just posted a video @ Silchar  ,,24.82,92.8,0,2021-10-15 00:50:13,Just posted a video @ Silchar,0.0,Neutral
53,53,53,Durga Puja Diary! @ Silchar  , Durga Puja Diary ,24.82,92.8,0,2021-10-15 11:00:10,Durga Puja Diary! @ Silchar    Durga Puja Diary,0.0,Neutral
54,54,54,Just posted a video @ Silchar  ,,24.82,92.8,0,2021-10-15 11:52:08,Just posted a video @ Silchar,0.0,Neutral
55,55,55,"শুভ বিজয়া
folded hands medium light skin tone 

#DurgaPuja #ShubhoBijoya @ Silchar  ",                DurgaPuja  ShubhoBijoya   Canon1300D,24.82,92.8,0,2021-10-15 13:00:15,"বিজয়া
Folded Hand Medium Light Skin Tone

#Durgapuja #shubhobijoya @ silchar durgapuja shubhobijoya canon1300d",0.4,Positive
56,56,56,My wife red heart  @ Silchar  , My wife   ,24.82,92.8,0,2021-10-07 22:41:24,My wife red heart  @ Silchar    My wife,0.0,Neutral
57,57,57,Dj face with tears of joy face with tears of joy face with tears of joy  @ Pailapool  , Dj    ,24.82988,92.74807,0,2021-10-15 16:25:19,Dj face with tears of joy face with tears of joy face with tears of joy  @ Pailapool    Dj,0.8000000000000002,Very Positive
58,58,58,"rolling on the floor laughing WAHH BETE grinning face with sweat sign of the horns face with tears of joy .#asifsquaddizzy  #moj #mojindia. @mojindia @ Assam, India  ",  WAHH BETE    . asifsquad   moj  mojindia.  mojindia,24.8091448,92.795542,0,2021-11-26 05:08:52,"rolling on the floor laughing WAHH BETE grinning face with sweat sign of the horns face with tears of joy .#asifsquaddizzy  #moj #mojindia. @mojindia @ Assam, India     WAHH BETE    . asifsquad   moj  mojindia.  mojindia",0.8,Very Positive
59,59,59,Just posted a photo @ Silchar  , It s been almost 7 months since your unannounced arrival in my mundane existence that we tend to call  life . Back then  you were supposed to be a guest for a few days  until we could find a suitable owner for you. Little did I know at that moment that soon you d become an integral part of my life  albeit at the expense of giving up all my personal resting spots to your shenanigans      . . Say Hi to Oggy  my gorgeous pain in the ass           oggy  cat  cats  canine  catsofinstagram  pet  petlover  ailurophile,24.82,92.8,0,2021-12-03 19:40:21,Just posted a photo @ Silchar    It s been almost 7 months since your unannounced arrival in my mundane existence that we tend to call  life . Back then  you were supposed to be a guest for a few days  until we could find a suitable owner for you. Little did I know at that moment that soon you d become an integral part of my life  albeit at the expense of giving up all my personal resting spots to your shenanigans      . . Say Hi to Oggy  my gorgeous pain in the ass           oggy  cat  cats  canine  catsofinstagram  pet  petlover  ailurophile,0.0994047619047619,Positive
60,60,60,Just posted a photo @ Silchar  ,,24.82,92.8,0,2021-12-03 09:19:18,Just posted a photo @ Silchar,0.0,Neutral
61,61,61,#morningvibes #instafashion #instagram #foryou juSt a cHill cLick GuYs.....smiling face with heart eyes smiling face with heart eyes smiling face with heart eyes  @ My Silchar  ,,24.81306648,92.79751091,0,2021-11-28 06:06:11,#morningvibes #instafashion #instagram #foryou juSt a cHill cLick GuYs.....smiling face with heart eyes smiling face with heart eyes smiling face with heart eyes  @ My Silchar,0.0,Neutral
62,62,62,"@yamigautam Happy Birthday to you My world. Wishing you colourful joyful year. god bless you Yami ji red heart red heart  
Enjoy lo…  @yamigautam Happy Birthday to you My world. Wishing you colourful joyful year. god bless you Yami ji red heart red heart  
Enjoy love &amp; respect face blowing a kiss face blowing a kiss  
#yamigautam 
#loveryamii @ Assam, India  ",  yamigautam Happy Birthday to you My world. Wishing you colourful joyful year. god bless you Yami ji       Enjoy love   respect      yamigautam   happybirthdayyamigautam  loveryamii  sunday   sundayvibes  Be Careful  No One Will Repost Or Re upload This Pic Without My Permission On Any Platform.  Yami Fan Pages  Allowed...,24.8091448,92.795542,0,2021-11-28 06:20:42,"@yamigautam Happy Birthday to you My world. Wishing you colourful joyful year. god bless you Yami ji red heart red heart  
Enjoy lo…  @yamigautam Happy Birthday to you My world. Wishing you colourful joyful year. god bless you Yami ji red heart red heart  
Enjoy love & respect face blowing a kiss face blowing a kiss  
#yamigautam 
#loveryamii @ Assam, India     yamigautam Happy Birthday to you My world. Wishing you colourful joyful year. god bless you Yami ji       Enjoy love   respect      yamigautam   happybirthdayyamigautam  loveryamii  sunday   sundayvibes  Be Careful  No One Will Repost Or Re upload This Pic Without My Permission On Any Platform.  Yami Fan Pages  Allowed...",0.3461538461538462,Positive
63,63,63,"5mints after placing order

#mrjinidelivery 
#mrjini 
#hukummereaakaman genie  
#hukummereaaka @ Silchar  ", 5mints after placing order   mrjinidelivery   mrjini   hukummereaaka       hukummereaaka,24.82,92.8,0,2021-12-05 03:07:29,"5mints after placing order

#mrjinidelivery 
#mrjini 
#hukummereaakaman genie  
#hukummereaaka @ Silchar    5mints after placing order   mrjinidelivery   mrjini   hukummereaaka       hukummereaaka",0.0,Neutral
64,64,64,#friendship #school #friend @ National Highway  ,  friendship  school  friend,24.81277,92.7976,0,2021-11-28 12:28:39,#friendship #school #friend @ National Highway     friendship  school  friend,0.0,Neutral
65,65,65,Just posted a photo @ My Silchar  , Organized a meeting discussion regar  Ayurveda  company  Unilinkbiz also for  poor  orphans  lowermiddleclassfamily  To know more visit  https   t.co 7mM9HwWuuH My  social site s  https   t.co UnLvBm2S7Q https   t.co pLizMrIom0 https   t.co oEzdqlveJY   Thanksgiving2021  Tweet https   t.co NHKCoPyEyf,24.81306648,92.79751091,0,2021-12-05 15:06:47,Just posted a photo @ My Silchar    Organized a meeting discussion regar  Ayurveda  company  Unilinkbiz also for  poor  orphans  lowermiddleclassfamily  To know more visit  https   t.co 7mM9HwWuuH My  social site s  https   t.co UnLvBm2S7Q https   t.co pLizMrIom0 https   t.co oEzdqlveJY   Thanksgiving2021  Tweet https   t.co NHKCoPyEyf,0.04444444444444443,Positive
66,66,66,Just posted a photo @ Bio Diversity Park Cachar  , ,24.8055088,92.7932639,0,2021-12-05 15:22:01,Just posted a photo @ Bio Diversity Park Cachar,0.0,Neutral
67,67,67,Just posted a photo @ My Silchar  , Finally  achieved  RisingStar of  unilink  thanks all of my team members for such  guidelines  cooperation  SupportGroup  arupdas  rabullaskar  alomuncle  ImranPatelWOK also thankful to as our  founder  MD  CEO  SCIENTIST most  favorable  Motivational Mr. MD  Imranpatel Sir     https   t.co fid8sGf8TJ,24.81306648,92.79751091,0,2021-11-29 19:41:00,Just posted a photo @ My Silchar    Finally  achieved  RisingStar of  unilink  thanks all of my team members for such  guidelines  cooperation  SupportGroup  arupdas  rabullaskar  alomuncle  ImranPatelWOK also thankful to as our  founder  MD  CEO  SCIENTIST most  favorable  Motivational Mr. MD  Imranpatel Sir     https   t.co fid8sGf8TJ,0.175,Positive
68,68,68,sunrise over mountains purple heart GD morning guys black heart dizzy smiling face with smiling eyes #asifsquaddizzy  #photo #phonecamera #photography #camera #trending #silchar #assam #india @ Silcha…  sunrise over mountains purple heart GD morning guys black heart dizzy smiling face with smiling eyes #asifsquaddizzy  #photo #phonecamera #photography #camera #trending #silchar #assam #india @ Silchar Railway Station  ,   GD morning guys     asifsquad   photo  phonecamera  photography  camera  trending  silchar  assam  india,24.83010689,92.78762284,0,2021-11-29 04:52:23,sunrise over mountains purple heart GD morning guys black heart dizzy smiling face with smiling eyes #asifsquaddizzy  #photo #phonecamera #photography #camera #trending #silchar #assam #india @ Silcha…  sunrise over mountains purple heart GD morning guys black heart dizzy smiling face with smiling eyes #asifsquaddizzy  #photo #phonecamera #photography #camera #trending #silchar #assam #india @ Silchar Railway Station      GD morning guys     asifsquad   photo  phonecamera  photography  camera  trending  silchar  assam  india,-0.16666666666666666,Negative
69,69,69,"Discussions going on @Silchar for our Organization #Unilinkbiz ........ Credit goes to @Rabul Sir &amp; Myself @Aszad H…  Discussions going on @Silchar for our Organization #Unilinkbiz ........ Credit goes to @Rabul Sir &amp; Myself @Aszad H, thanks for the support #Unilinkbiz and and all #Unilinkbizteammembers heart suit heart suit heart suit  @ My Silchar  ", Discussions going on  Silchar for our Organization  Unilinkbiz ........ Credit goes to  Rabul Sir   Myself  Aszad H  thanks for the support  Unilinkbiz and and all  Unilinkbizteammembers       ,24.81306648,92.79751091,0,2021-12-05 19:39:28,"Discussions going on @Silchar for our Organization #Unilinkbiz ........ Credit goes to @Rabul Sir & Myself @Aszad H…  Discussions going on @Silchar for our Organization #Unilinkbiz ........ Credit goes to @Rabul Sir & Myself @Aszad H, thanks for the support #Unilinkbiz and and all #Unilinkbizteammembers heart suit heart suit heart suit  @ My Silchar    Discussions going on  Silchar for our Organization  Unilinkbiz ........ Credit goes to  Rabul Sir   Myself  Aszad H  thanks for the support  Unilinkbiz and and all  Unilinkbizteammembers",0.2,Positive
70,70,70,"black heart sign of the horns .#nofilter With BFF @tahir.barbhuiya.07 @imran     mazumder 
.
.
#asifsquaddizzy  #asif #tahir #imran @ Assam, India  ",   . nofilter With BFF  tahir.barbhuiya.07  imran     mazumder  . .  asifsquad   asif  tahir  imran,24.8091448,92.795542,0,2021-12-07 07:17:19,"black heart sign of the horns .#nofilter With BFF @tahir.barbhuiya.07 @imran     mazumder 
.
.
#asifsquaddizzy  #asif #tahir #imran @ Assam, India      . nofilter With BFF  tahir.barbhuiya.07  imran     mazumder  . .  asifsquad   asif  tahir  imran",-0.16666666666666666,Negative
71,71,71,&lt;3 @ My Silchar  ,  3,24.81306648,92.79751091,0,2021-12-08 08:22:36,<3 @ My Silchar     3,1.0,Very Positive
72,72,72,Just posted a photo @ My Silchar  , Visited Kamrul Bhai s Villa  newlifefoundation its  just  awsome   WhatsApp DM for further process   https   wa.me message B3KI67JPHRBKH1  https   www.facebook.com aszad.hbmeddys  https   www.instagram.com invites contact  i 1cnkzpvst475u utm content 2iha7wr  https   twitter.com AszadBjp t AxcRILaZiHO6UqzSV9hoNA s 09,24.81306648,92.79751091,0,2021-12-08 19:20:21,Just posted a photo @ My Silchar    Visited Kamrul Bhai s Villa  newlifefoundation its  just  awsome   WhatsApp DM for further process   https   wa.me message B3KI67JPHRBKH1  https   www.facebook.com aszad.hbmeddys  https   www.instagram.com invites contact  i 1cnkzpvst475u utm content 2iha7wr  https   twitter.com AszadBjp t AxcRILaZiHO6UqzSV9hoNA s 09,0.0,Neutral
73,73,73,Just posted a photo @ My Silchar  , Discussions going on  Silchar for our Organization  Unilinkbiz ........ Credit goes to Rabul Loskar   Myself Aszad HB Meddy s   thanks for the support  Unilinkbiz  Bijay Kumar Jena  and and all  Unilinkbizteammembers          Please visit profile if you are wanted to know more  below link also  Available     www.unilinkbiz.com,24.81306648,92.79751091,0,2021-12-01 19:17:57,Just posted a photo @ My Silchar    Discussions going on  Silchar for our Organization  Unilinkbiz ........ Credit goes to Rabul Loskar   Myself Aszad HB Meddy s   thanks for the support  Unilinkbiz  Bijay Kumar Jena  and and all  Unilinkbizteammembers          Please visit profile if you are wanted to know more  below link also  Available     www.unilinkbiz.com,0.3666666666666667,Positive
74,74,74,Just posted a photo @ My Silchar  , cLicK for  lfl   rojee das  shivanithakur2704  vinu king 28  dishaagangwar  tasneem ruqaiyah  drrajdeeproy  mehtab.qureshi.186  sonu sood      narendramodi  therock  c.m.kolkata  prasadnagar  mamataofficial     mam  instagram  instalike  follow4followback   https   www.linkedin.com in aszad hussain 1174b8164  https   youtube.com channel UCn m5VnP6H2uM2pACv1hoAA  https   twitter.com AszadBjp t AxcRILaZiHO6UqzSV9hoNA s 09  https   www.facebook.com aszad.hbmeddys   checkformore    www.unilinkbiz.com,24.81306648,92.79751091,0,2021-12-02 19:29:51,Just posted a photo @ My Silchar cLicK for lfl rojee das shivanithakur2704 vinu king 28 dishaagangwar tasneem ruqaiyah drrajdeeproy mehtab.qureshi.186 sonu sood narendramodi therock cmkolkata prasadnagar mamataofficial mam instagram instalike follow4followback https www.linkedin.com in aszad hussain 1174b8164 https youtube. com channel ucn m5vnp6h2um2pacv1hoaa https twitter.com aszadbjp t axcrilaziho6uqzsv9hona s 09 https www.facebook.com aszad.hbmeddys checkformore www.unilinkbiz.com,0.0,Neutral
75,75,75,Just posted a photo @ My Silchar  ,  jummamubarak after went for  stockpoint  kathalroad  unilink  Unilinkbizteammembers   Please join my Social site s   https   wa.me message B3KI67JPHRBKH1  https   www.facebook.com aszad.hbmeddys  https   www.instagram.com invites contact  i 1cnkzpvst475u utm content 2iha7wr  https   twitter.com AszadBjp t AxcRILaZiHO6UqzSV9hoNA s 09  Hey  I m using Telegram to chat. Join me  Download it here  https   telegram.org dl,24.81306648,92.79751091,0,2021-12-10 12:34:08,Just posted a photo @ My Silchar     jummamubarak after went for  stockpoint  kathalroad  unilink  Unilinkbizteammembers   Please join my Social site s   https   wa.me message B3KI67JPHRBKH1  https   www.facebook.com aszad.hbmeddys  https   www.instagram.com invites contact  i 1cnkzpvst475u utm content 2iha7wr  https   twitter.com AszadBjp t AxcRILaZiHO6UqzSV9hoNA s 09  Hey  I m using Telegram to chat. Join me  Download it here  https   telegram.org dl,0.03333333333333333,Positive
76,76,76,Just posted a photo @ My Silchar  ,  jummamubarak  masjidassalamjomborkidul   Welcome to our  Organization  unilink as a customer Individual distributor earnighs   Know more visit   www.unilinkbiz.com  there are nothing registration fee or anything else  WhatsApp DM for further process   Please join my Social site s   https   wa.me message B3KI67JPHRBKH1  https   www.facebook.com aszad.hbmeddys  https   www.instagram.com invites contact  i 1cnkzpvst475u utm content 2iha7wr  https   twitter.com AszadBjp t AxcRILaZiHO6UqzSV9hoNA s 09  Hey  I m using Telegram to chat. Join me  Download it here  https   telegram.org dl,24.81306648,92.79751091,0,2021-12-10 12:27:39,Just posted a photo @ My Silchar     jummamubarak  masjidassalamjomborkidul   Welcome to our  Organization  unilink as a customer Individual distributor earnighs   Know more visit   www.unilinkbiz.com  there are nothing registration fee or anything else  WhatsApp DM for further process   Please join my Social site s   https   wa.me message B3KI67JPHRBKH1  https   www.facebook.com aszad.hbmeddys  https   www.instagram.com invites contact  i 1cnkzpvst475u utm content 2iha7wr  https   twitter.com AszadBjp t AxcRILaZiHO6UqzSV9hoNA s 09  Hey  I m using Telegram to chat. Join me  Download it here  https   telegram.org dl,0.2666666666666667,Positive
77,77,77,smiling face with smiling eyes wilted flower ..................................... @ Indian muslim  ,,24.83527,92.76445,0,2021-12-15 07:22:02,smiling face with smiling eyes wilted flower ..................................... @ Indian muslim,0.0,Neutral
78,78,78,Just posted a photo @ Walima  ,  Star  Suparstar Unilink India  on Unilink pvt ltd  Welcome to our  Organization  unilink as a customer Individual distributor earnighs  Know more visit   www.unilinkbiz.com WhatsApp DM for further process   Please join my Social site s   https   wa.me message B3KI67JPHRBKH1  https   www.facebook.com aszad.hbmeddys  https   www.instagram.com invites contact  i 1cnkzpvst475u utm content 2iha7wr  https   twitter.com AszadBjp t AxcRILaZiHO6UqzSV9hoNA s 09  Hey  I m using Telegram to chat. Join me  Download it here  https   telegram.org dl,24.79379128,92.80671559,0,2021-12-13 08:09:51,Just posted a photo @ Walima     Star  Suparstar Unilink India  on Unilink pvt ltd  Welcome to our  Organization  unilink as a customer Individual distributor earnighs  Know more visit   www.unilinkbiz.com WhatsApp DM for further process   Please join my Social site s   https   wa.me message B3KI67JPHRBKH1  https   www.facebook.com aszad.hbmeddys  https   www.instagram.com invites contact  i 1cnkzpvst475u utm content 2iha7wr  https   twitter.com AszadBjp t AxcRILaZiHO6UqzSV9hoNA s 09  Hey  I m using Telegram to chat. Join me  Download it here  https   telegram.org dl,0.2666666666666667,Positive
79,79,79,"শীতের সন্ধে...

Thanks @subhs1fit for bringing here the Kolkata vibes! @ Sanjay Karate School   Silchar  ",            ...  Thanks  subhs1fit for bringing here the Kolkata vibes ,24.81931619,92.79688498,0,2021-12-13 17:27:13,"শীতের সন্ধে...

Thanks @subhs1fit for bringing here the Kolkata vibes! @ Sanjay Karate School   Silchar               ...  Thanks  subhs1fit for bringing here the Kolkata vibes",0.225,Positive
80,80,80,Just posted a photo @ Walima  ,  Star  Suparstar Unilink India  on Unilink pvt ltd  Welcome to our  Organization  unilink as a customer Individual distributor earnighs  Know more visit   www.unilinkbiz.com WhatsApp DM for further process   Please join my Social site s   https   wa.me message B3KI67JPHRBKH1  https   www.facebook.com aszad.hbmeddys  https   www.instagram.com invites contact  i 1cnkzpvst475u utm content 2iha7wr  https   twitter.com AszadBjp t AxcRILaZiHO6UqzSV9hoNA s 09  Hey  I m using Telegram to chat. Join me  Download it here  https   telegram.org dl   Greatfull to  Instagram  please promote my  post without anything  helpfor  promoted  posts,24.79379128,92.80671559,0,2021-12-13 08:00:43,Just posted a photo @ Walima     Star  Suparstar Unilink India  on Unilink pvt ltd  Welcome to our  Organization  unilink as a customer Individual distributor earnighs  Know more visit   www.unilinkbiz.com WhatsApp DM for further process   Please join my Social site s   https   wa.me message B3KI67JPHRBKH1  https   www.facebook.com aszad.hbmeddys  https   www.instagram.com invites contact  i 1cnkzpvst475u utm content 2iha7wr  https   twitter.com AszadBjp t AxcRILaZiHO6UqzSV9hoNA s 09  Hey  I m using Telegram to chat. Join me  Download it here  https   telegram.org dl   Greatfull to  Instagram  please promote my  post without anything  helpfor  promoted  posts,0.2666666666666667,Positive
81,81,81,There is nothing to lose but there is a whole world for #winning. @ Agartala  Tripura  , There is nothing to lose but there is a whole world for  winning.,24.8331274,92.7536758,0,2021-12-15 16:10:16,There is nothing to lose but there is a whole world for #winning. @ Agartala  Tripura    There is nothing to lose but there is a whole world for  winning.,0.35,Positive
82,82,82,@khalammashome #brother #ns200 #instaviral #instafashion #instagram #bikelife @ Neairgram PT 2  ,  khalammashome  brother  ns200  instaviral  instafashion  instagram  bikelife,24.776417,92.8191679,0,2021-12-16 19:10:52,@khalammashome #brother #ns200 #instaviral #instafashion #instagram #bikelife @ Neairgram PT 2     khalammashome  brother  ns200  instaviral  instafashion  instagram  bikelife,0.0,Neutral
83,83,83,#instafashion #instaviral #instagram Achieved #Star #superdistributor @unilinkbusiness @ Walima  ,  instafashion  instaviral  instagram Achieved  Star  superdistributor  unilinkbusiness,24.79379128,92.80671559,0,2021-12-15 21:39:36,#instafashion #instaviral #instagram Achieved #Star #superdistributor @unilinkbusiness @ Walima     instafashion  instaviral  instagram Achieved  Star  superdistributor  unilinkbusiness,0.0,Neutral
84,84,84,@khalammashome #brother #ns200 #instaviral #instafashion #instagram #bike @ Neairgram PT 2  ,,24.776417,92.8191679,0,2021-12-16 19:05:31,@khalammashome #brother #ns200 #instaviral #instafashion #instagram #bike @ Neairgram PT 2,0.0,Neutral
85,85,85,"Serenity of an early morning in Cachar.
#cachar #marjing #mayanglambam @ Cachar  ", Serenity of an early morning in Cachar.  cachar  marjing  mayanglambam,24.830822,92.80501,0,2021-12-17 02:34:06,"Serenity of an early morning in the carousa.
#cachar #marjing #mayanglambam @ cahar serenity of an early morning in the carousa. Cahar Marjing Mayanglambam",0.1,Positive
86,86,86,Just posted a photo @ Tarapur Silchar  ,,24.82741152,92.78861337,0,2021-12-19 13:23:12,Just posted a photo @ Tarapur Silchar,0.0,Neutral
87,87,87,#mother #mothercare eye hospital for my Maa's #eyedrops @ Choudhury Eye Clinic  ,  mother  mothercare eye hospital for my Maa s  eyedrops,24.82337,92.79772,0,2021-12-20 20:21:19,#mother #mothercare eye hospital for my Maa's #eyedrops @ Choudhury Eye Clinic     mother  mothercare eye hospital for my Maa s  eyedrops,0.0,Neutral
88,88,88,Just posted a photo @ Silchar  , My Tribute    Respected Sir  My tribute to him. General Bipin Rawat Live Portrait Making.  Thank you everyone    Plz visit my fb page And I shared three links of this picture with you Link 1. https   m.facebook.com story.php story fbid 4904708832953448 id 100002431397021 Link 2. https   m.facebook.com story.php story fbid 4904729752951356 id 100002431397021 Link 3.https   m.facebook.com story.php story fbid 4904737052950626 id 100002431397021  DEC  11 21 TIME  11 30A.M My FB Page  https   fb.me e 24F8qIDyU,24.82,92.8,0,2021-12-12 06:37:07,Just posted a photo @ Silchar    My Tribute    Respected Sir  My tribute to him. General Bipin Rawat Live Portrait Making.  Thank you everyone    Plz visit my fb page And I shared three links of this picture with you Link 1. https   m.facebook.com story.php story fbid 4904708832953448 id 100002431397021 Link 2. https   m.facebook.com story.php story fbid 4904729752951356 id 100002431397021 Link 3.https   m.facebook.com story.php story fbid 4904737052950626 id 100002431397021  DEC  11 21 TIME  11 30A.M My FB Page  https   fb.me e 24F8qIDyU,0.09318181818181819,Positive
89,89,89,"Blood and Sweat, leading to a satisfied smile. 

#residency #surgeonlife #thatorthodoc #orthopod #surgery #blood…  Blood and Sweat, leading to a satisfied smile. 

#residency #surgeonlife #thatorthodoc #orthopod #surgery #blood #sweat @ Silchar Medical College and Hospital  ", Blood and Sweat  leading to a satisfied smile.    residency  surgeonlife  thatorthodoc  orthopod  surgery  blood  sweat,24.775617,92.794517,0,2021-12-21 12:38:27,"Blood and Sweat, leading to a satisfied smile. 

#residency #surgeonlife #thatorthodoc #orthopod #surgery #blood…  Blood and Sweat, leading to a satisfied smile. 

#residency #surgeonlife #thatorthodoc #orthopod #surgery #blood #sweat @ Silchar Medical College and Hospital    Blood and Sweat  leading to a satisfied smile.    residency  surgeonlife  thatorthodoc  orthopod  surgery  blood  sweat",0.34285714285714286,Positive
90,90,90,#memories for #oldage with my #mother #auntie s smiling face with sunglasses smiling face with sunglasses smiling face with sunglasses  @ Neairgram PT 2  ,  memories for  oldage with my  mother  auntie s    ,24.776417,92.8191679,0,2021-12-20 20:27:43,#memories for #oldage with my #mother #auntie s smiling face with sunglasses smiling face with sunglasses smiling face with sunglasses  @ Neairgram PT 2     memories for  oldage with my  mother  auntie s,0.0,Neutral
91,91,91,"Builder Floor in #Bijaya. #2BHK #Apartment #Flat #ForSale #Silchar #Residential #Property
 ",,24.82350898,92.80254364,0,2021-12-21 04:36:06,Builder Floor in #Bijaya. #2BHK #Apartment #Flat #ForSale #Silchar #Residential #Property,-0.025,Negative
92,92,92,"In order to love who you are, you cannot hate the experiences that shaped you. @ Silchar  ", In order to love who you are  you cannot hate the experiences that shaped you.,24.82,92.8,0,2021-12-21 06:01:26,"In order to love who you are, you cannot hate the experiences that shaped you. @ Silchar    In order to love who you are  you cannot hate the experiences that shaped you.",-0.15000000000000002,Negative
93,93,93,"#socialwork #viralpost @ Kanakpur, Silchar  ",  socialwork  viralpost,24.81554835,92.80531722,0,2021-12-22 21:45:46,"#socialwork #viralpost @ Kanakpur, Silchar Socialwork Viralpost",0.0,Neutral
